211,Partmole Gatekeeper,Demon ,common
212,Rageflame Spitter,Bug,common
213,Fire Witch’s Familiar,Demon ,uncommon
214,Crimson Mimic,Egg,rare
215,Lizard Shocktrooper,Lizard,common
216,Flame Lizard Barracks,Base,uncommon
217,Cai-Shae Brazier,Weapon,common
218,Blazing Wyvern,Dragon,rare
219,Mourning Cenobite,Human,common
220,Mourning Buffalo,Beast,uncommon
221,Torrid Nightmare,Demon,uncommon
222,Flame Lizard General,Lizard,uncommon
223,Partmole Scout Balloon,Lizard,rare
224,Logan Zurtur,Betrayer,ultra_rare
225,Raging Pyrathrax,Dragon,ultra_rare
226,Carlo the Scorched,Noble,ultra_rare
227,Blue Lycanthrope,Anthromorph,uncommon
228,Cloudrunner Shipmate,Merfolk,common
229,Darkwater Syren,Undead,common
230,Indigo Mimic,Egg,rare
231,Corsez Henchman,Merfolk,common
232,Corsez Moving Castle,Base,common
233,Aluhja Prioress,Human,uncommon
234,Sea Serpent,Dragon,rare
235,Siam’s Sentinel,Merfolk,uncommon
236,Queen’s Commissioner,Elemental,uncommon
237,Don’s Double,Merfolk,common
238,Tritonan Sacred Court,Base,rare
239,Missionary Ship,Weapon,uncommon
240,Reverend Father Vlo,Warlord ,ultra_rare
241,Capricious Hydromancer,Dragon,ultra_rare
242,Clair Wil the Valiant,Noble,ultra_rare
243,Skeleton Archer,Undead,common
244,Verzar Defender,Human,common
245,Stone Wing Veteran,Dwarf,common
246,Ochre Mimic,Egg,rare
247,Dwarf Miner,Dwarf,uncommon
248,Forgotten Fortress,Base,uncommon
249,Roving Penitentiary,Base,common
250,Bone Drake,Dragon,rare
251,Blackhood Anti-Mystic,Dwarf,common
252,Novogus War Mammoth,Beast,uncommon
253,Dark Ozeki Kihomaru,Titan,uncommon
254,Blackhood Caravan,Base,uncommon
255,Parmtic Vengeress,Human,rare
256,Captain Xerabis,Hero,ultra_rare
257,Callous Gaiakhan,Dragon,ultra_rare
258,King Sanavaan,Noble,ultra_rare
259,Goblin Fanfare,Goblin,uncommon
260,Slumber Trap,Plant,common
261,Elven Berserker Witch,Elf,common
262,Jade Mimic,Egg,rare
263,Bewitching Elf Huntress,Elf,common
264,Juno Spirit Fox,Beast,uncommon
265,Goblin Chickenrider,Goblin,common
266,Arboreal Wyrm,Dragon,rare
267,Leapfrog Warchief,Anthromorph,uncommon
268,Elven Scout Mistress,Elf,common
269,Berserker Princess,Elf,uncommon
270,Moggy Howdah,Beast,uncommon
271,Ronin Nagirashu,Human,rare
272,Mandragora Triplet,Betrayer,ultra_rare
273,Wild Dendrovort,Dragon,ultra_rare
274,Pope-Queen Cyrstin II,Noble,ultra_rare
275,Architekt,Mech,common
276,Biolith Transmorph,Mech,rare
277,Barrager,Mech,common
278,Biolith Deathgarden,Base,rare
279,Toxic Intruder,Mech,common
280,Biolith Sentry,Mech,uncommon
281,Biolith Mage Guard,Mech,rare
282,Prototype Behemoth,Weapon,uncommon
283,Scion’s Peace,Blitz,rare
284,Centipede Tank,Weapon,rare
285,Kastor,Ancient,ultra_rare
286,Pollux,Ancient,ultra_rare
287,Atomic Rudra,Dragon,ultra_rare
288,"Romili, Reloaded",Hero,ultra_rare
289,Triumphant Return Scion,Noble,ultra_rare
290,The Eye of Juno,God,ultra_rare
291,Venoan Hard Bargain,Ritual,uncommon
292,Corsez Oath,Ritual,uncommon
293,Theraclave Tollgate,Ritual,uncommon
294,Elven Subterfuge,Conjuration,common
295,Se Hollyn Battle Hymn,Conjuration,common
296,Parmetic Castigation,Conjuration,rare
297,Mesmer’s Lecture,Conjuration,common
298,Drunken Demolition,Conjuration,common
299,Mourning Reanimation,Conjuration,rare
300,Aluhja Seduction,Conjuration,common
301,Yaksha Stimulants,Conjuration,common
302,Yaksha Disguise,Conjuration,rare
303,Dhees Migration,Dominion,uncommon
304,Building The Granvil,Dominion,uncommon
305,Val’s Seret Message,Dominion,uncommon
306,The New Capital,Dominion,uncommon
307,Biolith Infestation,Dominion,ultra_rare
308,First Fall of Scion,Dominion,rare
309,Vizak’s Proclamation,Dominion,rare
310,Juno’s Admonition,Dominion,rare
